author_name	path	target_author
アーヴィング ワシントン	person1257.html	N
アークム フレデリック	person1657.html	N
愛知 敬一	person1234.html	N
会津 八一	person1245.html	N
アインシュタイン アルベルト	person1428.html	N
饗庭 篁村	person374.html	N
青木 栄瞳	person330.html	N
青木 正児	person2091.html	N
青空文庫 	person1790.html	N
青野 季吉	person1542.html	N
青柳 喜兵衛	person1314.html	N
秋田 雨雀	person1584.html	N
秋田 滋	person1162.html	N
秋月 種樹	person1331.html	N
芥川 紗織	person1990.html	N
間所 紗織	person2085.html	N
芥川 多加志	person2132.html	N
芥川 竜之介	person879.html	N
浅井 洌	person380.html	N
朝倉 克彦	person139.html	N
浅沼 稲次郎	person1487.html	N
浅野 正恭	person1816.html	N
浅野 和三郎	person1034.html	N
東 健而	person1465.html	N
阿部 次郎	person1421.html	N
阿部 徳蔵	person225.html	N
安倍 能成	person1909.html	N
アポリネール ギヨーム	person2135.html	N
天川 恵三郎	person1964.html	N
アミーチス エドモンド・デ	person1048.html	N
鮎川 義介	person1948.html	N
新井 紀一	person1902.html	N
荒木 光二郎	person1839.html	N
アラルコン ペドロ・アントニオ	person1716.html	N
有島 武郎	person25.html	Y
アルチバシェッフ ミハイル・ペトローヴィチ	person366.html	N
アルテンベルク ペーター	person1190.html	N
アレニウス スヴァンテ	person226.html	N
アレン ジェームズ	person1842.html	N
アレン リリー・Ｌ	person1843.html	N
淡島 寒月	person388.html	N
安西 冬衛	person1863.html	N
アンデルセン ハンス・クリスチャン	person19.html	N
安藤 盛	person1791.html	N
アンドレーエフ レオニード・ニコラーエヴィチ	person907.html	N
李 光洙	person1601.html	N
李 箱	person1597.html	N
李 孝石	person1653.html	N
イ バン	person2361.html	N
飯田 蛇笏	person1695.html	N
飯田 平作	person1953.html	N
イエイツ ウィリアム・バトラー	person1085.html	N
猪狩 満直	person1626.html	N
生田 葵山	person392.html	N
生田 春月	person227.html	N
生田 長江	person393.html	N
イクバール ムハンマド	person2277.html	N
池田 亀鑑	person1413.html	N
池田 菊苗	person1160.html	N
池田 蕉園	person1351.html	N
池田 輝方	person1352.html	N
池田 勇人	person2023.html	N
池谷 信三郎	person398.html	N
池宮城 積宝	person868.html	N
井沢 衣水	person228.html	N
石井 研堂	person1252.html	N
石井 柏亭	person1381.html	N
石川 欣一	person1380.html	Y
石川 三四郎	person1170.html	N
石川 成章	person1835.html	N
石川 善助	person1787.html	N
石川 啄木	person153.html	Y
石川 千代松	person1478.html	N
石河 幹明	person1206.html	N
石田 孫太郎	person229.html	N
石塚 浩之	person1813.html	N
石波 杏	person1734.html	N
石橋 忍月	person102.html	N
石原 忍	person1742.html	N
石原 純	person1429.html	Y
石原 莞爾	person230.html	N
泉 鏡花	person50.html	Y
泉 鏡太郎	person886.html	N
泉 芳朗	person1665.html	N
五十公野 清一	person2049.html	N
板倉 勝宣	person864.html	N
伊丹 万作	person231.html	N
板谷 波山	person2089.html	N
市島 春城	person412.html	N
伊藤 永之介	person1454.html	N
伊藤 左千夫	person58.html	Y
伊東 静雄	person1197.html	N
伊藤 信二	person1642.html	N
伊東 忠太	person1232.html	N
伊藤 野枝	person416.html	Y
稲垣 巌	person1961.html	N
犬養 健	person1543.html	N
犬田 卯	person1289.html	Y
稲生  武太夫	person2199.html	N
稲生 正令	person2176.html	N
井上 円了	person1021.html	N
井上 紅梅	person1125.html	N
井上 準之助	person1595.html	N
井上 貞治郎	person1685.html	N
井上 哲次郎	person420.html	N
井上 基志	person2034.html	N
井上 良夫	person1315.html	N
伊波 普猷	person232.html	N
伊庭 心猿	person1336.html	N
井原 西鶴	person1216.html	N
イプセン ヘンリック	person1028.html	N
違星 北斗	person1210.html	N
今井 邦子	person234.html	N
今村 明恒	person1578.html	N
今村 恒夫	person1627.html	N
伊良子 清白	person430.html	N
イリアス アクタルッジャマン	person2349.html	N
岩波 茂雄	person1119.html	N
岩野 泡鳴	person137.html	N
岩村 透	person1353.html	N
岩本 素白	person1534.html	N
岩本 良子	person200.html	N
巌谷 小波	person981.html	N
ヴァイド クリシュナ・バルデーオ	person2322.html	N
ヴァレリー ポール	person1217.html	N
ウィード グスターフ	person17.html	N
ヴー バーオ	person2359.html	N
ヴェーゲラー フランツ・ゲルハルト	person1703.html	N
植木 枝盛	person2225.html	N
上里 春生	person1663.html	N
上田 秋成	person1271.html	N
上田 万年	person435.html	N
上田 進	person1628.html	N
上田 広	person1903.html	N
上田 敏	person235.html	N
植松 真人	person32.html	N
上村 松園	person355.html	Y
上村 経吉	person1325.html	N
ウェルズ ハーバート・ジョージ	person1430.html	N
ヴェルハーレン エミール	person1705.html	N
ヴォー・ティ ハーオ	person2344.html	N
ヴォルテール 	person180.html	N
ウォルトン みちよ	person1329.html	N
宇田川 文海	person1582.html	N
内田 魯庵	person165.html	N
内村 鑑三	person34.html	N
内山 完造	person1762.html	N
鵜月 洋	person2168.html	N
鵜殿 正雄	person1375.html	N
宇野 浩二	person1533.html	N
梅崎 春生	person1798.html	Y
ウンソンタム・秦 プラティープ	person2334.html	N
海野 十三	person160.html	Y
江戸川 乱歩	person1779.html	Y
榎南 謙一	person1630.html	N
江南 文三	person1321.html	N
榎本 武揚	person1264.html	N
江見 水蔭	person448.html	N
江森 盛弥	person1612.html	N
エリオット ジェイムズ・サンヅ	person1783.html	N
エンゲルス フリードリッヒ	person1139.html	N
円城 塔	person1916.html	N
小穴 隆一	person1908.html	N
オイレンベルク ヘルベルト	person1193.html	N
大石 誠之助	person1998.html	N
大石 喜幸	person1631.html	N
大上 正直	person2300.html	N
オーウェル ジョージ	person2035.html	N
大江 鉄麿	person1632.html	N
大木 頭	person1689.html	N
大久保 ゆう	person10.html	N
大隈 重信	person1879.html	Y
大倉 燁子	person1669.html	Y
大阪 圭吉	person236.html	Y
大鹿 卓	person1476.html	N
大下 宇陀児	person1872.html	N
大下 藤次郎	person1374.html	N
大島 亮吉	person863.html	N
大杉 栄	person169.html	N
太田 健一	person1955.html	N
大田 洋子	person1757.html	N
大谷 正信	person2038.html	N
大塚 楠緒子	person456.html	N
大槻 文彦	person457.html	N
大坪 砂男	person1824.html	N
大手 拓次	person190.html	N
太 安万侶	person1518.html	N
大庭 武年	person1316.html	N
オー・ヘンリー 	person97.html	N
大堀 竜太郎	person1865.html	N
大町 桂月	person237.html	Y
丘 浅次郎	person1474.html	N
丘 丘十郎	person965.html	N
岡倉 覚三	person1347.html	N
岡倉 天心	person238.html	N
岡倉 由三郎	person467.html	N
岡崎 雪声	person1354.html	N
小笠原 長生	person1326.html	N
岡田 三郎助	person1355.html	N
岡田 武松	person1931.html	N
岡田 知子	person2289.html	N
尾形 亀之助	person874.html	N
岡本 一平	person239.html	N
岡本 かの子	person76.html	Y
岡本 帰一	person1339.html	N
岡本 綺堂	person82.html	Y
岡本 良雄	person2026.html	N
小川 登喜男	person1379.html	N
小川 正子	person474.html	N
小川 未明	person1475.html	Y
小川 亮作	person347.html	N
沖野 岩三郎	person1180.html	Y
荻野 吟子	person2127.html	N
荻原 雲来	person1221.html	N
荻原 守衛	person240.html	N
奥 増夫	person2044.html	N
小熊 秀雄	person124.html	Y
小倉 金之助	person1570.html	N
小倉 右一郎	person1940.html	N
小栗 風葉	person241.html	N
小栗 虫太郎	person125.html	Y
尾崎 紅葉	person91.html	N
尾崎 士郎	person1753.html	Y
尾崎 放哉	person195.html	N
尾崎 秀実	person242.html	N
尾佐竹 猛	person1460.html	N
小山内 薫	person479.html	N
小沢 真理子	person206.html	N
押川 春浪	person77.html	N
オスラー ウイリアム	person1574.html	N
織田 作之助	person40.html	Y
落合 ユキ子	person1589.html	N
村山 籌子	person1172.html	Y
小津 安二郎	person1761.html	N
乙骨 三郎	person483.html	N
小野 梓	person1887.html	N
小野 賢一郎	person243.html	N
小野 佐世男	person1293.html	N
小野 浩	person871.html	N
尾上 梅幸	person1356.html	N
小柳 司気太	person488.html	N
折口 信夫	person933.html	Y
折口 春洋	person2177.html	N
オルコット ルイーザ・メイ	person1090.html	N
オルファース ジビュレ・フォン	person1727.html	N
恩地 孝四郎	person1246.html	N
カースミー アフマド・ナディーム	person2308.html	N
カーペンター ケニス・Ｊ	person1841.html	N
ガールシン フセヴォロド・ミハイロヴィチ	person340.html	N
海若 藍平	person966.html	N
夢野 久作	person96.html	Y
賀川 豊彦	person1468.html	N
かぐつち みどり	person968.html	N
香倶土 三鳥	person967.html	N
癋見 鈍太郎	person1290.html	N
葛西 善蔵	person984.html	N
風巻 景次郎	person1479.html	N
梶井 久	person244.html	N
梶井 基次郎	person74.html	N
柏原 孝章	person1467.html	N
片岡 鉄兵	person491.html	N
片岡 弘次	person2278.html	N
片岡 義男	person1506.html	N
片上 伸	person492.html	N
片山 敏彦	person1539.html	N
片山 広子	person1346.html	N
勝 海舟	person354.html	N
勝本 清一郎	person1978.html	N
桂 小南	person1286.html	N
桂 三木助	person1536.html	N
加藤 朝鳥	person493.html	N
加藤 一夫	person919.html	N
加藤 光一	person2160.html	N
加藤 栄	person2285.html	N
加藤 弘之	person1317.html	N
加藤 文太郎	person245.html	N
加藤 道夫	person1240.html	N
河東田 静雄	person2297.html	N
金沢 庄三郎	person1984.html	N
金田 千鶴	person873.html	N
金森 徳次郎	person1956.html	N
金子 薫園	person920.html	N
金子 ふみ子	person246.html	N
金田 鬼一	person1781.html	N
兼常 清佐	person1294.html	N
狩野 直喜	person1127.html	N
狩野 亨吉	person866.html	N
加能 作次郎	person247.html	N
嘉納 治五郎	person2083.html	N
カプアーナ ルイージ	person2231.html	N
カフカ フランツ	person1235.html	N
加福 均三	person891.html	N
上司 小剣	person248.html	N
嘉村 礒多	person249.html	N
亀井 勝一郎	person1870.html	N
鴨 長明	person196.html	N
枯葉 	person880.html	N
カワード ノエル	person223.html	N
河合 栄治郎	person506.html	N
河井 寛次郎	person1906.html	N
河井 酔茗	person1861.html	N
川合 貞一	person1345.html	N
河上 肇	person250.html	N
川上 眉山	person507.html	N
河口 慧海	person1404.html	N
川田 功	person1306.html	N
川田 順	person1911.html	N
川田 雪山	person1588.html	N
川田 瑞穂	person1532.html	N
川端 茅舎	person369.html	N
河東 碧梧桐	person510.html	N
神吉 三郎	person1070.html	N
ガンジー マハトマ	person1277.html	N
観世 左近　二十四世	person938.html	N
神田 左京	person1731.html	N
神田 孝平	person1466.html	N
漢那 浪笛	person1666.html	Y
管野 須賀子	person2174.html	N
蒲原 有明	person1055.html	Y
魏 徴	person1484.html	N
木内 高音	person872.html	N
菊池 寛	person83.html	Y
菊池 幽芳	person514.html	N
菊池 美範	person99.html	N
岸田 国士	person1154.html	N
岸田 劉生	person251.html	N
北 一輝	person89.html	N
喜田 貞吉	person1344.html	N
北尾 亀男	person1751.html	N
北大路 魯山人	person1403.html	Y
北畠 尊也	person373.html	N
北原 白秋	person106.html	Y
北村 兼子	person2169.html	N
北村 四海	person1357.html	N
北村 透谷	person157.html	Y
喜多村 緑郎	person1537.html	N
紀 貫之	person155.html	N
木下 尚江	person525.html	N
木下 杢太郎	person120.html	N
木下 夕爾	person2088.html	N
木下 利玄	person526.html	N
キプリング ラデャード	person114.html	N
金 史良	person252.html	N
金 鍾漢	person1602.html	N
木村 芥舟	person1207.html	N
木村 小舟	person1243.html	N
木村 荘八	person1312.html	Y
木村 荘十	person1894.html	N
木村 好子	person1643.html	N
肝付 兼行	person1327.html	N
ギャロッド アーチボルド	person1561.html	N
キャロル ルイス	person1393.html	N
清沢 洌	person910.html	N
清沢 満之	person1211.html	N
桐生 悠々	person535.html	N
キンキントゥー 	person2329.html	N
キングスフォード アンナ	person1882.html	N
キンスエーウー 	person2352.html	N
キンフニンユ 	person2338.html	N
瞿 佑	person1078.html	N
グエン・クワン テュウ	person2346.html	N
グエン・ゴック トゥ	person2363.html	N
グエン・ティ トゥー・フエ	person2347.html	N
陸 羯南	person253.html	N
九鬼 周造	person65.html	N
久坂 葉子	person1052.html	Y
草野 天平	person1516.html	N
九条 武子	person254.html	N
楠田 匡介	person1866.html	N
クスミン ミカイル・アレクセーヴィチ	person367.html	N
楠山 正雄	person329.html	Y
邦枝 完二	person1261.html	N
国枝 史郎	person255.html	Y
国木田 独歩	person38.html	Y
国見 善弘	person1633.html	N
久保 栄	person1307.html	N
久保 良英	person537.html	N
窪田 空穂	person1907.html	N
久保田 万太郎	person1692.html	N
熊平 武二	person2151.html	N
久米 正雄	person1151.html	N
クラーク ヘンリ・サヴィル	person1464.html	N
クラウフォード フランシス・マリオン	person1144.html	N
倉田 百三	person256.html	Y
倉橋 潤一郎	person1645.html	N
蔵原 伸二郎	person1821.html	N
クラルテ ジュール	person357.html	N
グリーナウェイ ケイト	person1686.html	N
グリーン ジェイムズ	person201.html	N
栗島 山之助	person1527.html	N
栗島 狭衣	person539.html	N
栗林 元	person215.html	N
グリム ヴィルヘルム・カール	person1092.html	N
グリム ヤーコプ・ルートヴィッヒ・カール	person1091.html	N
グルモン レミ・ドゥ	person1563.html	N
呉 秀三	person2214.html	N
クレイン ウォルター	person2134.html	N
黒岩 涙香	person179.html	N
クローデル ポール	person1707.html	N
黒木 舜平	person974.html	N
太宰 治	person35.html	Y
黒島 伝治	person37.html	N
黒田 清輝	person257.html	N
クロッサー マイラ・ジョー	person1950.html	N
黒部 溯郎	person1435.html	N
百瀬 慎太郎	person1376.html	N
クロポトキン ピョートル・アレクセーヴィチ	person1229.html	N
畔柳 二美	person2200.html	N
桑木 厳翼	person542.html	N
桑原 一世	person122.html	N
桑原 隲蔵	person372.html	N
ケイ エレン	person1250.html	N
慶應義塾 	person1285.html	N
ゲーテ ヨハン・ヴォルフガング・フォン	person1025.html	N
ケッマー 	person2368.html	N
ケネディ ジョン・フィッツジェラルド	person892.html	N
ケネディ パトリック	person1300.html	N
ゲラン シャルル	person1769.html	N
小泉 信三	person1846.html	N
小泉 節子	person224.html	N
小泉 英政	person108.html	N
小泉 八雲	person258.html	N
小出 楢重	person259.html	N
甲賀 三郎	person260.html	Y
高祖 保	person1774.html	N
幸田 露伴	person51.html	Y
幸徳 秋水	person261.html	N
河野 常吉	person1469.html	N
河野 広道	person1677.html	N
河本 大作	person1797.html	N
高良 とみ	person1076.html	N
ゴーゴリ ニコライ	person207.html	N
ゴーチェ テオフィル	person1086.html	N
郡 虎彦	person1077.html	N
ゴーリキー マクシム	person364.html	N
コールデコット ランドルフ	person1756.html	N
ゴールドマン エマ	person1251.html	N
古賀 春江	person2050.html	N
小金井 喜美子	person1247.html	N
木暮 理太郎	person1373.html	Y
小酒井 不木	person262.html	Y
小島 烏水	person27.html	N
小杉 放庵	person1803.html	N
小竹 主	person1672.html	N
児玉 花外	person553.html	N
小寺 菊子	person1425.html	N
後藤 謙太郎	person1613.html	N
小中 千昭	person16.html	N
小西 茂也	person2048.html	N
小林 一三	person1256.html	N
小林 古径	person1385.html	N
小林 多喜二	person156.html	N
小舟 勝二	person1201.html	N
小宮 豊隆	person1884.html	N
小村 雪岱	person1268.html	N
小山 清	person1867.html	Y
ゴルドン エリザベス、アンナ	person1241.html	N
コロレンコ ウラジミール・ガラクティオノヴィチ	person362.html	N
金剛 巌	person1390.html	N
今野 大力	person1471.html	Y
三枝 博音	person1804.html	N
西郷 隆盛	person1320.html	N
斎藤 紋子	person2299.html	N
斎藤 三郎	person1723.html	N
西東 三鬼	person1668.html	N
斎藤 秀三郎	person564.html	N
斉藤 弘吉	person1806.html	N
斎藤 茂吉	person1059.html	Y
斎藤 緑雨	person565.html	N
西府 章	person151.html	N
サウンウィンラッ 	person2354.html	N
酒井 嘉七	person1142.html	N
阪井 久良伎	person1337.html	N
堺 利彦	person164.html	N
榊 亮三郎	person1096.html	N
坂口 安吾	person1095.html	Y
坂本 竜馬	person908.html	N
左川 ちか	person1914.html	N
サキ 	person1767.html	N
作者不詳 	person1529.html	N
桜間 中庸	person1604.html	N
The Creative CAT 	person1834.html	N
佐々木 喜善	person263.html	N
佐々木 邦	person1750.html	Y
佐左木 俊郎	person134.html	N
佐々木 直次郎	person95.html	N
佐佐木 信綱	person1691.html	N
ささき ふさ	person911.html	N
佐々木 味津三	person111.html	Y
佐佐木 茂索	person1904.html	N
サッフォ 	person1713.html	N
佐藤 一斎	person1332.html	N
佐藤 垢石	person1248.html	Y
佐藤 紅緑	person575.html	N
佐藤 惣之助	person577.html	N
佐藤 武夫	person1614.html	N
佐藤 春夫	person1763.html	Y
佐藤 緑葉	person1486.html	N
里村 欣三	person219.html	N
実吉 捷郎	person1759.html	N
佐野 昌一	person1159.html	N
佐野 友三郎	person1227.html	N
佐野 良二	person54.html	N
サマン アルベール	person166.html	N
沢田 正二郎	person1141.html	N
澤西 祐典	person1918.html	N
サンサンヌエ 	person2340.html	N
サン＝テグジュペリ アントワーヌ・ド	person1265.html	N
山東 京山	person1932.html	N
山東 京伝	person2007.html	N
三文字屋 金平	person585.html	N
三遊亭 円朝	person989.html	Y
三遊亭 金馬	person1805.html	N
シートン アーネスト・トンプソン	person1925.html	N
ジェイコブス ウイリアム・ワイマーク	person1995.html	N
シェークスピア ウィリアム	person264.html	N
シェーンハイマー ルドルフ	person1548.html	N
ジェファーソン トマス	person1189.html	N
シェミン マーガレット	person1919.html	N
シェリー メアリー・ウォルストンクラフト	person1176.html	N
ジェンナー エドワード	person1591.html	N
志賀 重昂	person587.html	N
シガーヨンスソン フロスティ	person1877.html	N
式場 隆三郎	person1862.html	N
シゲリスト ヘンリー・Ｅ	person1492.html	N
宍戸 儀一	person1186.html	N
幣原 喜重郎	person1794.html	N
司馬 遷	person1524.html	N
芝 不器男	person594.html	N
柴崎 芳太郎	person1372.html	N
柴田 宵曲	person1832.html	N
柴田 昌吉	person1512.html	N
柴田 流星	person342.html	N
島 秋人	person1970.html	N
島木 健作	person8.html	N
島木 赤彦	person265.html	N
島崎 藤村	person158.html	Y
島田 清次郎	person595.html	N
嶋中 雄作	person1367.html	N
島袋 源一郎	person1526.html	N
島村 抱月	person599.html	N
清水 卯三郎	person1508.html	N
清水 紫琴	person1146.html	Y
清水 哲男	person84.html	N
清水 鱗造	person90.html	N
下川 儀太郎	person1615.html	N
下村 海南	person1696.html	N
下村 湖人	person1097.html	N
下村 千秋	person1205.html	Y
釈 迢空	person1068.html	N
ジュー 	person2339.html	N
シュヴァルツ エフゲーニイ	person210.html	N
十一谷 義三郎	person601.html	N
シュウォッブ マルセル	person1389.html	N
シュニッツレル アルツール	person360.html	N
シュミットボン ウィルヘルム	person1194.html	N
庄野 健	person1736.html	N
条野 採菊	person1551.html	N
素木 しづ	person12.html	N
白田 秀彰	person21.html	N
白鳥 庫吉	person603.html	N
白柳 秀湖	person956.html	N
沈 約	person1485.html	N
ジンサー ハンス	person1493.html	N
神西 清	person1157.html	Y
新青年編輯局 	person1131.html	N
新村 出	person1938.html	N
スアン・テュウ 	person2345.html	N
スウィフト ジョナサン	person912.html	N
スーフゲッ 	person2357.html	N
末弘 厳太郎	person922.html	N
末吉 安持	person1607.html	N
菅野 徳助	person1409.html	N
須川 邦彦	person1120.html	N
菅原孝標女 	person133.html	N
杉田 久女	person606.html	Y
杉村 楚人冠	person608.html	N
杉山 萠円	person969.html	N
鈴木 梅太郎	person957.html	N
鈴木 行三	person46.html	N
鈴木 鼓村	person1350.html	N
鈴木 志郎康	person92.html	N
鈴木 大拙	person1833.html	N
鈴木 斌	person2279.html	N
鈴木 牧之	person1930.html	N
鈴木 三重吉	person107.html	Y
薄田 泣菫	person150.html	Y
薄田 斬雲	person1778.html	N
薄田 淳介	person975.html	N
薄田 太郎	person1985.html	N
スティーブンソン ロバート・ルイス	person888.html	N
ストーカー ブラム	person2371.html	N
ストールマン リチャード	person335.html	N
ストックトン フランシス・リチャード	person1145.html	N
ストリンドベリ アウグスト	person1062.html	N
ストレイチー リットン	person1407.html	N
スノウ ジョン	person1600.html	N
スミス コードウェイナー	person2010.html	N
スライマン タイバ	person2296.html	N
セーニー・サオワポン 	person2333.html	N
関 寛	person1026.html	N
関 富士子	person142.html	N
関口 存男	person1402.html	N
関根 金次郎	person268.html	N
関根 秀雄	person1849.html	N
関根 黙庵	person1358.html	N
瀬沼 夏葉	person1213.html	N
妹尾 アキ夫	person1568.html	N
世礼 国男	person1606.html	N
千家 元麿	person617.html	N
相馬 愛蔵	person1147.html	N
相馬 御風	person959.html	N
相馬 黒光	person1148.html	N
相馬 泰三	person1082.html	N
添田 唖蝉坊	person368.html	N
sogo 	person913.html	N
ソロー ヘンリー・デイビッド	person1209.html	N
ソログープ フョードル	person1199.html	N
ダ・ヴィンチ レオナルド	person2016.html	N
高垣 松雄	person621.html	N
高神 覚昇	person269.html	N
高木 貞治	person1398.html	N
高木 敏雄	person1191.html	N
高楠 順次郎	person1222.html	N
高田 力	person1065.html	N
高田 保	person1073.html	N
高頭 仁兵衛	person1371.html	N
高野 敦志	person69.html	N
鷹野 つぎ	person116.html	N
高野 六郎	person1697.html	N
高橋 竜雄	person1690.html	N
高橋 悠治	person59.html	N
高浜 虚子	person1310.html	Y
高見 順	person1823.html	N
高村 光雲	person270.html	N
高村 光太郎	person1168.html	Y
高群 逸枝	person1780.html	N
高山 樗牛	person271.html	N
高山 毅	person1541.html	N
宝 探子	person1920.html	N
滝 廉太郎	person633.html	N
滝沢 敬一	person2092.html	N
田口 卯吉	person634.html	N
竹内 勝太郎	person636.html	N
竹内 浩三	person1675.html	Y
竹越 三叉	person977.html	N
竹越 与三郎	person978.html	N
武田 祐吉	person1349.html	N
武田 麟太郎	person189.html	N
竹久 夢二	person212.html	Y
竹本 周平	person2053.html	N
タゴール ラビンドラナート	person1075.html	N
田沢 稲舟	person904.html	N
タ・ズイ アィン	person2364.html	N
陀田 勘助	person1624.html	N
橘 樸	person1567.html	N
橘 外男	person1397.html	N
立原 道造	person11.html	N
辰野 九紫	person1782.html	N
辰野 隆	person1796.html	N
館野 浩美	person2185.html	N
田中 貢太郎	person154.html	Y
田中 早苗	person352.html	N
田中 正造	person649.html	N
田中 英光	person126.html	N
田辺 孝次	person1610.html	N
田辺 竜子	person1765.html	N
三宅 花圃	person802.html	N
田辺 元	person1599.html	N
田部 隆次	person1427.html	N
谷 譲次	person272.html	N
林 不忘	person290.html	N
谷崎 潤一郎	person1383.html	Y
種田 山頭火	person146.html	Y
田畑 修一郎	person273.html	N
田原 勝典	person2232.html	N
ダビット ヤーコプ・ユリウス	person1195.html	N
田宮 まや	person101.html	N
田村 乙彦	person1634.html	N
田村 松魚	person1226.html	N
田村 俊子	person655.html	N
田山 花袋	person214.html	N
田山 録弥	person1416.html	Y
丹沢 明	person1635.html	N
談洲楼 燕枝　二代	person274.html	N
ダンセイニ ロード	person1722.html	N
ダンテ アリギエリ	person961.html	N
丹波 敬三	person1557.html	N
ダンバー オリヴィア・ハワード	person2130.html	N
タンミンアウン 	person2355.html	N
チェーホフ アントン	person1155.html	N
チェスタートン ギルバート・キース	person1123.html	N
チェニイ 	person2327.html	N
チェンバース ロバート・Ｗ	person1952.html	N
近松 秋江	person275.html	N
チャペック カレル	person1236.html	N
チャンティマートーン サティエン	person2342.html	N
チュラーイ マルーシャ	person2242.html	N
知里 真志保	person1540.html	N
知里 幸恵	person276.html	N
チリコフ オイゲン	person365.html	N
陳 玄祐	person1057.html	N
陳 寿	person1477.html	N
塚原 健二郎	person1876.html	N
塚原 渋柿園	person660.html	N
塚原 蓼洲	person934.html	N
束原 和多志	person66.html	N
辻 潤	person159.html	N
辻村 伊助	person277.html	N
辻村 もと子	person1228.html	N
津田 梅子	person2165.html	N
津田 仙	person1509.html	N
津田 左右吉	person1535.html	N
津田 黄昏	person1671.html	N
津田 真道	person1322.html	N
土田 杏村	person344.html	N
土田 耕平	person1179.html	Y
土原 耕作	person1262.html	N
土谷 麓	person1648.html	N
綱島 梁川	person87.html	N
恒藤 恭	person1939.html	N
津野 海太郎	person117.html	N
壺井 栄	person1875.html	N
坪井 正五郎	person1242.html	N
坪内 逍遥	person141.html	N
津村 信夫	person278.html	N
鶴 彬	person1674.html	N
鶴岡 雄二	person113.html	N
ツルゲーネフ イワン	person5.html	N
ディケンズ チャールズ	person914.html	N
ディモフ オシップ	person884.html	N
テインペーミン 	person2328.html	N
テーラー ジェーン	person1178.html	N
デカルト ルネ	person1029.html	N
手塚 寿郎	person1184.html	N
テニソン アルフレッド	person140.html	N
デフォー ダニエル	person1087.html	N
寺島 柾史	person1084.html	N
寺田 寅彦	person42.html	Y
土井 晩翠	person1081.html	N
土井 八枝	person1198.html	N
ドイル アーサー・コナン	person9.html	N
ドゥアンサワン チャンティー	person2369.html	N
ドゥアンチャイ 	person2332.html	N
ド・ヴィルヌーヴ ガブリエル=シュザンヌ・バルボ	person1135.html	N
濤音 	person1654.html	N
峠 三吉	person1053.html	N
東野辺 薫	person1991.html	N
ドークケート 	person2370.html	N
ドーデ アルフォンス	person1181.html	N
十返 肇	person1788.html	N
戸川 秋骨	person669.html	N
戸川 明三	person1122.html	N
時枝 誠記	person1968.html	N
徳田 秋声	person23.html	Y
徳冨 健次郎	person279.html	N
徳冨 蘆花	person280.html	N
徳富 蘇峰	person1369.html	N
徳永 真一	person41.html	N
徳永 直	person1308.html	N
徳永 保之助	person1611.html	N
渡久山 水鳴	person1658.html	N
戸坂 潤	person281.html	Y
ドストエフスキー フィヨードル・ミハイロヴィチ	person363.html	N
とだ けん	person970.html	N
戸田 豊子	person1422.html	N
外村 繁	person1499.html	N
登張 竹風	person1455.html	N
トハリ アフマッド	person2312.html	N
富岡 誠	person149.html	N
中浜 哲	person1008.html	N
富沢 赤黄男	person1715.html	N
富田 常雄	person1958.html	N
富田 倫生	person55.html	N
富田 木歩	person677.html	N
富永 太郎	person678.html	Y
富ノ沢 麟太郎	person282.html	N
朝永 三十郎	person923.html	N
鳥谷部 春汀	person1161.html	N
豊島 与志雄	person906.html	Y
豊田 喜一郎	person1362.html	N
豊田 三郎	person1370.html	N
ド・ラ・ラメー マリー・ルイーズ	person1044.html	N
トルストイ レオ	person361.html	N
ドロステ＝ヒュルスホフ アネッテ・フォン	person1900.html	N
内藤 湖南	person284.html	Y
内藤 鳴雪	person684.html	N
直木 三十五	person216.html	N
中 勘助	person1799.html	N
中井 正一	person1166.html	Y
永井 荷風	person1341.html	Y
永井 壮吉	person2098.html	N
永井 隆	person924.html	N
中江 兆民	person1212.html	N
中江 篤介	person1417.html	N
長尾 高弘	person47.html	N
長岡 半太郎	person1153.html	N
長崎 広子	person2290.html	N
永崎 貢	person869.html	N
中里 介山	person283.html	Y
中沢 臨川	person690.html	N
長沢 佑	person1655.html	N
中島 哀浪	person1910.html	N
中島 敦	person119.html	Y
中島 孤島	person692.html	N
中島 徳蔵	person1660.html	N
中島 葉那子	person1636.html	N
中島 英之	person1851.html	N
長瀬 金平	person2152.html	N
長塚 節	person118.html	Y
中戸川 吉二	person697.html	N
中野 鈴子	person1637.html	N
中野 秀人	person1905.html	N
中原 中也	person26.html	Y
仲村 渠	person1667.html	Y
中村 研一	person1996.html	N
中村 憲吉	person702.html	N
中村 清太郎	person1954.html	N
中村 地平	person1822.html	N
中村 喜治	person2045.html	N
中谷 宇吉郎	person1569.html	Y
中山 啓	person1436.html	N
中山 忠直	person1482.html	N
中山 省三郎	person1061.html	N
中山 太郎	person1420.html	N
長与 善郎	person1521.html	N
奈倉 次郎	person1410.html	N
夏目 漱石	person148.html	Y
楢崎 竜	person1587.html	N
成沢 玲川	person1943.html	N
成島 柳北	person712.html	N
成瀬 無極	person2141.html	N
南部 修太郎	person48.html	Y
新島 襄	person1388.html	N
ニープレー 	person2356.html	N
新美 南吉	person121.html	Y
西 周	person1323.html	N
西尾 正	person1143.html	N
西川 光男	person62.html	N
西田 幾多郎	person182.html	N
仁科 芳雄	person1163.html	N
西村 陽吉	person1617.html	N
新渡戸 稲造	person718.html	N
蜷川 新	person1776.html	N
日本経済新聞社 	person1789.html	N
日本国 	person1528.html	N
日本童話研究会 	person1171.html	N
ニューコム シモン	person1364.html	N
ニューヨーク・サン紙 	person1237.html	N
丹羽 京子	person2288.html	N
ヌー ハーイ	person2321.html	N
額田 六福	person1490.html	N
ヌヌイー 	person2358.html	N
沼井 鉄太郎	person2032.html	N
沼田 一雅	person1359.html	N
ネーウィンミン 	person2341.html	N
根岸 正吉	person1618.html	N
ネグリ アダ	person1706.html	N
ノアイユ アンナ・ド	person2136.html	N
ノイバーガー マクス	person1784.html	N
能美 武功	person181.html	N
野上 彰	person1927.html	N
野上 豊一郎	person963.html	N
野口 雨情	person286.html	Y
野口 英司	person1739.html	N
野口 米次郎	person939.html	N
野中 至	person1188.html	N
野中 耕一	person2304.html	N
信時 潔	person1963.html	N
野間 清六	person1912.html	N
野村 あらえびす	person1802.html	N
野村 胡堂	person1670.html	Y
野村 長一	person2191.html	N
野村 吉哉	person1619.html	N
野呂 栄太郎	person287.html	N
バーネット フランシス・ホジソン・エリザ	person1045.html	N
ハイド ダグラス	person1299.html	N
パイパー ヘンリー・ビーム	person2036.html	N
ハイヤーム オマル	person288.html	N
芳賀 矢一	person723.html	N
萩原 恭次郎	person725.html	N
萩原 朔太郎	person67.html	Y
羽志 主水	person1305.html	N
橋本 五郎	person900.html	N
橋本 進吉	person61.html	N
橋本 多佳子	person1752.html	N
パスカル ブレーズ	person2128.html	N
長谷 健	person1392.html	N
長谷 悟	person128.html	N
長谷川 時雨	person726.html	Y
長谷川 集平	person88.html	N
長谷川 伸	person1726.html	N
畑中 武夫	person2217.html	N
畑仲 哲雄	person144.html	N
波多野 精一	person1011.html	N
蜂谷 純子	person2301.html	N
ハッサル アーサー・ヒル	person1721.html	N
服部 宇之吉	person1577.html	N
服部 之総	person1263.html	Y
羽仁 もと子	person1338.html	N
羽田 亨	person1324.html	N
ハバード エルバート	person1725.html	N
浜尾 四郎	person289.html	N
浜田 青陵	person1054.html	N
浜本 浩	person2093.html	N
バムルンポン サクチャイ	person2335.html	N
早川 鮎子	person1989.html	N
早川 健治	person1878.html	N
林 譲治	person1972.html	N
林 芙美子	person291.html	Y
林田 清明	person1412.html	N
葉山 嘉樹	person31.html	N
早見 秋	person28.html	N
原 勝郎	person1037.html	N
原 杞憂	person2148.html	N
原 民喜	person293.html	Y
原口 統三	person740.html	N
原田 皐月	person292.html	N
原田 義人	person1396.html	N
波立 一	person1620.html	N
バルザック オノレ・ド	person1850.html	N
パロマ コスティス	person2138.html	N
范 曄	person348.html	N
番匠谷 英一	person1901.html	N
ビアス アンブローズ	person1066.html	N
稗田 阿礼	person1519.html	N
樋口 一葉	person64.html	Y
久生 十蘭	person1224.html	Y
久森 謙二	person193.html	N
菱田 春草	person1999.html	N
菱山 修三	person1979.html	N
翡翠 	person138.html	N
人見 絹枝	person1809.html	N
火野 葦平	person1488.html	N
日野 強	person1167.html	N
秘田 余四郎	person1986.html	N
ヒューム デイヴィッド	person2033.html	N
ビョルンソン ビョルンステェルネ	person1158.html	N
平井 金三	person1360.html	N
平井 肇	person208.html	N
平出 修	person80.html	N
平光 吾一	person2008.html	N
平田 晋策	person748.html	N
平田 剛士	person56.html	N
平田 禿木	person343.html	N
平野 長蔵	person1378.html	N
平野 万里	person294.html	N
平野 零児	person1714.html	N
平林 初之輔	person221.html	Y
平林 彪吾	person1638.html	N
平山 千代子	person1292.html	Y
平山 蘆江	person1132.html	N
ピランデルロ ルイジ	person887.html	N
ヒルシュフェルド ゲオルヒ	person359.html	N
hiro 	person1280.html	N
広海 大治	person1639.html	N
広津 柳浪	person295.html	N
ファーブル ジャン・アンリ	person1049.html	N
フィッツジェラルド フランシス・スコット	person1036.html	N
フィリモア ロバート	person1511.html	N
プーシキン アレクサンドル・セルゲーヴィチ	person1088.html	N
ブウテ フレデリック	person881.html	N
深瀬 基寛	person1913.html	N
福沢 諭吉	person296.html	N
福士 幸次郎	person754.html	N
福田 英子	person57.html	N
福永 渙	person1233.html	N
福永 信	person1917.html	N
藤井 貞和	person110.html	N
藤井 英男	person1886.html	N
藤下 真潮	person7.html	N
藤島 武二	person298.html	N
藤野 古白	person1885.html	N
藤村 操	person2003.html	N
藤村 祐子	person2295.html	N
藤本 和子	person127.html	N
藤原 咲平	person2086.html	N
婦人文化研究会 	person1137.html	N
フセイン セリナ	person2350.html	N
総生 寛	person1500.html	N
二葉亭 四迷	person6.html	N
二元 裕子	person2292.html	N
フマノ ヒト	person2372.html	N
冬 佳彰	person109.html	N
プラーテン アウグスト	person1710.html	N
ブラウニング ロバート	person1340.html	N
ブラックウッド アルジャーノン	person1951.html	N
プラトン 	person915.html	N
フランス アナトール	person338.html	N
フリーマン リチャード・オースティン	person1733.html	N
ブリュノフ ジャン・ド	person1687.html	N
プリリュー エドゥアール・エルネ	person2052.html	N
古川 アヤ	person1651.html	N
古川 緑波	person1558.html	Y
プルス ボレスワフ	person1959.html	N
ブレイク ウィリアム	person115.html	N
プレヴォー マルセル	person882.html	N
ブロイニング エレオノーレ・フォン	person1704.html	N
ブロンテ シャーロット	person1111.html	N
ベートーヴェン ルートヴィヒ・ヴァン	person1702.html	N
ヘーマサトン スミット	person2336.html	N
ベスコフ エルサ	person1728.html	N
別所 梅之助	person940.html	N
ヘミングウェイ アーネスト・ミラー	person1847.html	N
ベルトラン アロイジウス	person1735.html	N
ベルトラン ルイ	person1709.html	N
ヘルナンデス アマド・Ｖ	person2330.html	N
ペロー シャルル	person1134.html	N
逸見 猶吉	person765.html	N
蒲  松齢	person1051.html	N
萠円 	person971.html	N
萠円山人 	person972.html	N
北条 民雄	person997.html	N
ポー エドガー・アラン	person94.html	N
ホーソーン ナサニエル	person905.html	N
ボードレール シャルル・ピエール	person1732.html	N
ホーフマンスタール フーゴー・フォン	person1192.html	N
ホーマー 	person1099.html	N
ホメロス 	person1098.html	N
ボーム ライマン・フランク	person1238.html	N
ホク ハッサン・アジズル	person2348.html	N
濹上漁史 	person1575.html	N
細井 吉造	person1377.html	N
細井 和喜蔵	person371.html	N
ポター ビアトリクス	person1505.html	N
穂積 重遠	person927.html	N
穂積 陳重	person301.html	N
ホフマン エルンスト・テオドーア・アマーデウス	person1058.html	N
堀 辰雄	person1030.html	Y
堀口 九万一	person302.html	N
ポリドリ ジョン・ウィリアム	person2039.html	N
ホワイト フレッド・Ｍ	person2043.html	N
本庄 陸男	person303.html	N
本田 親二	person1361.html	N
本多 静六	person1555.html	N
マー・ヴァン カーン	person2343.html	N
前田 多門	person2144.html	N
前田 普羅	person1719.html	N
前田 夕暮	person928.html	N
前田河 広一郎	person1297.html	N
牧 逸馬	person304.html	N
牧野 信一	person183.html	Y
牧野 富太郎	person1266.html	N
槙村 浩	person1585.html	N
槙本 楠郎	person1175.html	N
マクドナルド ジョージ	person1117.html	N
マクラウド フィオナ	person1399.html	N
正岡 容	person1313.html	Y
正岡 子規	person305.html	Y
正木 不如丘	person1676.html	N
正宗 白鳥	person1581.html	Y
マ・サンダー 	person2353.html	N
増田 惟茂	person1661.html	N
増田 雅子	person351.html	N
マストゥール ハディージャ	person2310.html	N
町野 修三	person167.html	N
松井 須磨子	person1472.html	N
松浦 武四郎	person1408.html	N
マッケナ リチャード・ミルトン	person2009.html	N
松崎 天民	person1447.html	N
松永 延造	person104.html	N
松濤 明	person307.html	N
松村 任三	person1556.html	N
松村 みね子	person1400.html	N
松本 幸四郎	person1434.html	N
松本 竣介	person2051.html	N
松本 淳三	person1622.html	N
松本 泰	person308.html	N
松本 たかし	person1720.html	N
松本 文三郎	person1231.html	N
マ・ティーダー 	person2365.html	N
真山 青果	person309.html	N
マラルメ ステファヌ	person1708.html	N
マルクス カール・ハインリッヒ	person1138.html	N
マルサス トマス・ロバート	person1149.html	N
丸山 英観	person1394.html	N
マロ エクトール・アンリ	person1047.html	N
マン パウル・トーマス	person1758.html	N
ミーゼス ルートヴィヒ・フォン	person1844.html	N
三浦 環	person788.html	N
三浦 久	person147.html	N
三上 於菟吉	person310.html	N
三上 義夫	person1017.html	N
三木 清	person218.html	Y
三木 竹二	person792.html	N
三木 貞一	person1481.html	N
三木 露風	person1976.html	N
三岸 好太郎	person1997.html	N
三沢 勝衛	person793.html	N
三島 霜川	person22.html	Y
水谷 まさる	person1074.html	N
水野 仙子	person112.html	Y
水野 葉舟	person941.html	Y
三角 錫子	person796.html	N
溝口 健二	person1272.html	N
三田村 鳶魚	person1133.html	N
ミチャウンウェー 	person2366.html	N
箕作 秋坪	person1510.html	N
光田 健輔	person1698.html	N
三富 朽葉	person799.html	N
三鳥山人 	person973.html	N
ミドルトン リチャード・バラム	person1279.html	N
南方 熊楠	person93.html	Y
水上 茂樹	person1494.html	N
水上 滝太郎	person800.html	N
南田 みどり	person2298.html	N
宮川 典子	person1740.html	N
宮城 道雄	person1288.html	Y
三宅 幾三郎	person801.html	N
三宅 周太郎	person1871.html	N
三宅 やす子	person804.html	N
宮崎 湖処子	person805.html	N
宮沢 賢治	person81.html	Y
宮島 資夫	person929.html	N
宮武 外骨	person63.html	N
ミャタンティン 	person2351.html	N
宮地 嘉六	person1446.html	N
宮原 晃一郎	person809.html	Y
宮本 百合子	person311.html	Y
ミュッセ アルフレッド	person1717.html	N
三好 十郎	person1311.html	Y
三好 達治	person1749.html	Y
ミルトン ジョン	person1101.html	N
ミルン アラン・アレクザンダー	person1960.html	N
武者 金吉	person1748.html	N
村井 弦斎	person810.html	N
村井 政善	person312.html	N
村岡 博	person346.html	N
村上 浪六	person815.html	N
村越 三千男	person1559.html	N
村崎 敏郎	person2084.html	N
紫式部 	person52.html	N
村田 稔雄	person1845.html	N
村松 梢風	person1808.html	N
村山 槐多	person14.html	N
村山 俊太郎	person1225.html	N
室生 犀星	person1579.html	Y
メーニェイン 	person2367.html	N
モース エドワード・シルヴェスター	person1764.html	N
モーゼス ウィリアム・ステイントン	person1035.html	N
モーパッサン ギ・ド	person903.html	N
Morishous T.H.E creative 	person2255.html	N
百田 宗治	person1623.html	N
森 郁夫	person1994.html	N
森 鴎外	person129.html	Y
森 於菟	person1977.html	N
森 竹夫	person1640.html	N
森 律子	person1992.html	N
森 林太郎	person315.html	N
森川 義信	person1652.html	N
森下 雨村	person1826.html	N
森田 草平	person826.html	N
森田 正馬	person1864.html	N
森野 光	person79.html	N
森本 薫	person827.html	N
モルナール フェレンツ	person883.html	N
モンテーニュ ミシェル・エケム・ド	person1848.html	N
文部省 	person1128.html	N
八木 重吉	person13.html	N
矢崎 源九郎	person1891.html	N
矢崎 嵯峨の舎	person1083.html	N
安井 曽太郎	person2123.html	N
矢田 津世子	person317.html	N
矢田部 達郎	person1656.html	N
箭内 亙	person1525.html	N
矢内原 忠雄	person1538.html	N
柳川 春葉	person831.html	N
柳 宗悦	person1520.html	N
柳田 国男	person1566.html	N
柳原 白蓮	person1934.html	N
藪田 忠夫	person1641.html	N
藪野 椋十	person1080.html	N
矢部 貞治	person1969.html	N
山浦 貫一	person1949.html	N
山形 浩生	person30.html	N
山川 健次郎	person1744.html	N
山川 登美子	person318.html	N
山川 丙三郎	person960.html	N
山川 方夫	person1801.html	Y
山口 芳光	person1662.html	N
山崎 富栄	person1777.html	N
山路 愛山	person837.html	N
山下 博章	person1391.html	N
山下 利三郎	person1208.html	N
山田 済斎	person1334.html	N
山田 美妙	person843.html	N
山中 貞雄	person72.html	N
山中 峯太郎	person1889.html	N
山根 しのぶ	person2280.html	N
山之口 貘	person1693.html	N
山村 暮鳥	person136.html	Y
山本 勝治	person870.html	N
山本 鼎	person1459.html	N
山本 実彦	person1368.html	N
山本 周五郎	person1869.html	Y
山本 笑月	person1513.html	N
山本 宣治	person319.html	N
山本 禾太郎	person930.html	N
山本 洋	person198.html	N
山本 政喜	person1515.html	N
山本 光夫	person191.html	N
山本 泰弘	person2226.html	N
山本 ゆうじ	person100.html	N
結城 浩	person98.html	N
ユゴー ヴィクトル	person1094.html	N
横瀬 夜雨	person370.html	N
横光 利一	person168.html	Y
与謝野 晶子	person885.html	N
与謝野 寛	person320.html	N
与謝野 礼厳	person321.html	N
吉井 勇	person1497.html	Y
吉井 幸蔵	person1328.html	N
吉江 孤雁	person322.html	N
吉江 喬松	person220.html	N
吉岡 信敬	person2157.html	N
吉岡 禅寺洞	person2013.html	N
吉岡 みね子	person2303.html	N
吉川 英治	person1562.html	Y
吉田 甲子太郎	person1258.html	N
吉田 絃二郎	person1177.html	N
吉田 茂	person1924.html	N
吉田 松陰	person1741.html	N
吉田 秀夫	person1150.html	N
吉野 作造	person323.html	N
吉野 秀雄	person1974.html	N
吉本 明光	person1659.html	N
吉行 エイスケ	person43.html	Y
淀野 隆三	person1983.html	N
米川 正夫	person1800.html	N
ラーゲルレーヴ セルマ	person1892.html	N
ラヴクラフト ハワード・フィリップス	person1699.html	N
ラティガン テレンス	person336.html	N
ラピーパット アキン	person2337.html	N
蘭 郁二郎	person325.html	Y
ラング アンドルー	person1239.html	N
ランド ハンス	person1196.html	N
ランボー ジャン・ニコラ・アルチュール	person1296.html	N
リヴィングストン・ジュニア ヘンリー	person1688.html	N
リカード デイヴィッド	person1164.html	N
リットン エドワード・ジョージ・アール・ブルワー	person1089.html	N
笠 信太郎	person1937.html	N
リュウ・ソン ミン	person2362.html	N
リルケ ライネル・マリア	person75.html	N
リンカーン エイブラハム	person2161.html	N
ルヴェル モーリス	person326.html	N
ルター マルチン	person339.html	N
ルナール ジュール	person1156.html	N
ルブラン モーリス	person1121.html	N
ルモンニエー カミーユ	person358.html	N
レイモンド  エリック	person29.html	N
レスコーフ ニコライ・セミョーノヴィチ	person1295.html	N
レニエ アンリ・ド	person356.html	N
レ・ファニュ ジョゼフ・シェリダン	person1859.html	N
レ・ミン クエ	person2360.html	N
魯迅 	person1124.html	N
ロティ ピエール	person1411.html	N
ロラン ロマン	person1093.html	N
ロンドン ジャック	person1770.html	N
ワイルド オスカー	person332.html	N
ワインバウム スタンリー・Ｇ	person2265.html	N
若杉 鳥子	person331.html	N
若林 玵蔵	person1501.html	N
若松 賤子	person163.html	N
若山 牧水	person162.html	Y
和田 万吉	person1072.html	N
渡辺 温	person20.html	Y
渡辺 千吉郎	person2153.html	N
ワタナベ オン	person1203.html	N
和辻 哲郎	person1395.html	Y
ワルラス マリー・エスプリ・レオン	person1185.html	N
